{
    "REGIME_0_NEAR_P10": [
        0.0017678673215128042,
        -0.0005497115674703893
    ],
    "REGIME_0_NEAR_P50": [
        0.0019723837554866375,
        -0.0008858557250052295
    ],
    "REGIME_0_NEAR_P90": [
        0.0018064711316191473,
        -0.0060542365302656215
    ],
    "REGIME_-1_NEAR_P10": [
        0.0014657937706239912,
        -0.0038053232336160664
    ],
    "REGIME_-1_NEAR_P50": [
        0.0009578364076345978,
        0.0
    ],
    "REGIME_-1_NEAR_P90": [
        0.0016077014263444307,
        0.0014206555401785864
    ],
    "REGIME_1_NEAR_P90": [
        0.0018687574124520408,
        0.0003483983085447663
    ],
    "REGIME_1_NEAR_P10": [
        0.002172823545917854,
        -0.002550361178425486
    ],
    "REGIME_1_NEAR_P50": [
        0.002156716707182466,
        0.00022834539378359308
    ]
}