{
    "REGIME_-1_NEAR_P10": [
        0.00013943511254915655,
        -0.0013755787811468142
    ],
    "REGIME_0_NEAR_P90": [
        0.00011682812727124072,
        -0.0024034300016474593
    ],
    "REGIME_-1_NEAR_P90": [
        0.0001368227159302188,
        -0.0016865151772203107
    ],
    "REGIME_0_NEAR_P10": [
        0.00010982053227343987,
        -0.00028860982115498337
    ],
    "REGIME_0_NEAR_P50": [
        0.00010040501723052614,
        -0.0036962910984817262
    ],
    "REGIME_-1_NEAR_P50": [
        0.00013074512643555,
        -0.00027190433077859614
    ],
    "REGIME_1_NEAR_P90": [
        0.00011194639961198741,
        -0.013667082493784781
    ],
    "REGIME_1_NEAR_P10": [
        0.00011140652888900137,
        -0.001828683427226601
    ],
    "REGIME_1_NEAR_P50": [
        0.00010247145047595586,
        -0.0022340987786578976
    ]
}